
insert into lectors ( id , degree , first_name , last_name , salary )
values ( 1 , 'ASSISTANT' , 'Oleg' , 'Title' , 100.5 );
insert into lectors ( id , degree , first_name , last_name , salary )
values ( 2 , 'ASSISTANT' , 'Lena' , 'Li' , 150.5 );
insert into lectors ( id , degree , first_name , last_name , salary )
values ( 3 , 'ASSISTANT' , 'Sasha' , 'Ol' , 200.5 );
insert into lectors ( id , degree , first_name , last_name , salary )
values ( 4 , 'ASSISTANT' , 'Kolya' , 'Ul' , 100.5 );
insert into lectors ( id , degree , first_name , last_name , salary )
values ( 5 , 'ASSISTANT' , 'Yarik' , 'A' , 100.5 );
insert into lectors ( id , degree , first_name , last_name , salary )
values ( 6 , 'ASSISTANT' , 'Vova' , 'Tr' , 122.5 );
insert into lectors ( id , degree , first_name , last_name , salary )
values ( 7 , 'ASSOCIATE_PROFESSOR' , 'Masha' , 'Td' , 400.5 );
insert into lectors ( id , degree , first_name , last_name , salary )
values ( 8 , 'ASSOCIATE_PROFESSOR' , 'Katia' , 'Th' , 400.5 );
insert into lectors ( id , degree , first_name , last_name , salary )
values ( 9 , 'ASSOCIATE_PROFESSOR' , 'Nastya' , 'H1' , 500.5 );
insert into lectors ( id , degree , first_name , last_name , salary )
values ( 10 , 'ASSOCIATE_PROFESSOR' , 'Oleg' , 'H2' , 600.5 );
insert into lectors ( id , degree , first_name , last_name , salary )
values ( 11 , 'ASSOCIATE_PROFESSOR' , 'Vova' , 'H3' , 700.5 );
insert into lectors ( id , degree , first_name , last_name , salary )
values ( 12 , 'ASSOCIATE_PROFESSOR' , 'Oleg' , 'H4' , 650.5 );
insert into lectors ( id , degree , first_name , last_name , salary )
values ( 13 , 'PROFESSOR' , 'Yarik' , 'H5' , 1000.5 );
insert into lectors ( id , degree , first_name , last_name , salary )
values ( 14 , 'PROFESSOR' , 'Andrey' , 'H6' , 1050.5 );
insert into lectors ( id , degree , first_name , last_name , salary )
values ( 15 , 'PROFESSOR' , 'Tolik' , 'Head' , 2000.5 );


insert into departments ( id , department_name , department_head_id )
values ( 1 , 'dep1' , 13 );
insert into departments ( id , department_name , department_head_id )
values ( 2 , 'dep2' , 14 );
insert into departments ( id , department_name , department_head_id )
values ( 3 , 'dep3' , 15 );


insert into lector_department ( lector_id , department_id )
values ( 1 , 1 );
insert into lector_department ( lector_id , department_id )
values ( 2 , 1 );
insert into lector_department ( lector_id , department_id )
values ( 3 , 2 );
insert into lector_department ( lector_id , department_id )
values ( 4 , 2 );
insert into lector_department ( lector_id , department_id )
values ( 5 , 3 );
insert into lector_department ( lector_id , department_id )
values ( 6 , 3 );
insert into lector_department ( lector_id , department_id )
values ( 7 , 1 );
insert into lector_department ( lector_id , department_id )
values ( 8 , 1 );
insert into lector_department ( lector_id , department_id )
values ( 9 , 2 );
insert into lector_department ( lector_id , department_id )
values ( 10 , 2 );
insert into lector_department ( lector_id , department_id )
values ( 11 , 2 );
insert into lector_department ( lector_id , department_id )
values ( 11 , 3 );
insert into lector_department ( lector_id , department_id )
values ( 12 , 3 );
insert into lector_department ( lector_id , department_id )
values ( 12 , 1 );
insert into lector_department ( lector_id , department_id )
values ( 13 , 1 );
insert into lector_department ( lector_id , department_id )
values ( 13 , 2 );
insert into lector_department ( lector_id , department_id )
values ( 13 , 3 );
insert into lector_department ( lector_id , department_id )
values ( 14 , 1 );
insert into lector_department ( lector_id , department_id )
values ( 14 , 2 );
insert into lector_department ( lector_id , department_id )
values ( 14 , 3 );
insert into lector_department ( lector_id , department_id )
values ( 15 , 1 );
insert into lector_department ( lector_id , department_id )
values ( 15 , 2 );
insert into lector_department ( lector_id , department_id )
values ( 15 , 3 );
